{
  "heartRate": [
    88,
    107,
    93,
    88,
    88,
    88,
    88,
    100,
    83,
    88
  ],
  "oxygen": [
    96.23505,
    98.928594,
    99.84405,
    99.43662599999999,
    99.712434,
    99.848136,
    99.135144,
    99.657,
    99.84405
  ],
  "oxyMean": 99.18234266666667
}